                  epoch,         train/box_loss,         train/cls_loss,         train/dfl_loss,   metrics/precision(B),      metrics/recall(B),       metrics/mAP50(B),    metrics/mAP50-95(B),           val/box_loss,           val/cls_loss,           val/dfl_loss,                 lr/pg0,                 lr/pg1,                 lr/pg2
                      1,                 2.0819,                 3.3665,                 2.1503,                 0.0555,                0.20677,                 0.0211,                0.00664,                 2.6382,                  23.53,                 3.2586,             0.00054359,             0.00054359,             0.00054359
                      2,                 2.1858,                 2.8211,                  2.254,                0.01621,                0.17825,                0.00748,                0.00237,                 3.2752,                    inf,                 5.8032,              0.0010938,              0.0010938,              0.0010938
                      3,                 2.2606,                 2.8649,                 2.3434,                0.00172,                0.05063,                0.00085,                0.00036,                    nan,                    nan,                    nan,              0.0016385,              0.0016385,              0.0016385
                      4,                 2.2107,                 2.7692,                 2.2833,                0.07129,                0.08761,                0.04101,                0.01316,                 2.8871,                 10.593,                 2.9543,              0.0016422,              0.0016422,              0.0016422
                      5,                 2.1813,                 2.7292,                 2.2587,                0.24634,                0.18382,                0.13644,                0.04899,                 2.4732,                  4.316,                 2.5185,               0.001634,               0.001634,               0.001634
                      6,                 2.1202,                 2.6392,                 2.2386,                0.16154,                0.27954,                0.12884,                0.04367,                 2.4474,                 5.4654,                 2.6341,              0.0016257,              0.0016257,              0.0016257
                      7,                 2.1287,                 2.6182,                 2.1915,                0.05496,                0.13245,                0.01467,                0.00536,                  2.733,                 8.2202,                 2.8342,              0.0016175,              0.0016175,              0.0016175
                      8,                 2.0699,                 2.5172,                 2.1445,                0.14186,                0.18324,                0.08091,                0.02693,                 2.5398,                 4.1221,                 2.4874,              0.0016092,              0.0016092,              0.0016092
                      9,                 2.0426,                 2.4862,                 2.1311,                0.33252,                0.26671,                0.20842,                0.07091,                 2.3226,                 3.6567,                 2.3271,               0.001601,               0.001601,               0.001601
                     10,                 2.0516,                 2.4169,                 2.1136,                0.26535,                0.26118,                0.19196,                0.06589,                 2.3044,                 3.0408,                 2.2152,              0.0015927,              0.0015927,              0.0015927
                     11,                 2.0285,                 2.3587,                 2.0974,                0.26768,                0.24372,                0.16328,                0.05686,                 2.4308,                 3.3976,                 2.3902,              0.0015845,              0.0015845,              0.0015845
                     12,                 2.0139,                 2.3901,                 2.0859,                0.32908,                 0.2326,                0.19796,                 0.0697,                 2.3244,                 2.7687,                 2.3395,              0.0015762,              0.0015762,              0.0015762
                     13,                 1.9713,                 2.3026,                 2.0642,                0.28867,                0.28489,                0.20602,                0.07316,                 2.2548,                 2.7112,                 2.2001,               0.001568,               0.001568,               0.001568
                     14,                 1.9889,                 2.3171,                 2.0378,                0.32036,                0.29585,                0.22335,                0.07029,                 2.2287,                 2.8242,                 2.1848,              0.0015597,              0.0015597,              0.0015597
                     15,                 1.9544,                  2.262,                 2.0164,                0.25676,                0.27535,                0.20496,                0.07475,                 2.3094,                 2.9733,                 2.2013,              0.0015515,              0.0015515,              0.0015515
                     16,                 1.9451,                  2.279,                 2.0088,                0.30881,                0.26487,                0.22341,                 0.0836,                 2.2795,                 3.2849,                  2.258,              0.0015432,              0.0015432,              0.0015432
                     17,                 1.9609,                 2.2229,                 2.0329,                0.38678,                0.26225,                0.23302,                0.08961,                 2.2442,                 2.8786,                 2.2156,               0.001535,               0.001535,               0.001535
                     18,                 1.9263,                 2.1987,                 2.0144,                0.34069,                 0.2584,                0.22951,                0.09214,                 2.2042,                  2.519,                 2.1741,              0.0015267,              0.0015267,              0.0015267
                     19,                 1.9514,                 2.1631,                 2.0246,                0.28376,                 0.3097,                0.23676,                0.09523,                 2.2013,                 2.8901,                 2.2349,              0.0015185,              0.0015185,              0.0015185
                     20,                  1.922,                 2.1515,                 1.9935,                0.44638,                0.32371,                0.31448,                0.12471,                 2.1675,                 2.3694,                 2.1249,              0.0015102,              0.0015102,              0.0015102
                     21,                 1.8996,                 2.1098,                 1.9713,                0.39979,                0.31367,                0.28088,                0.11286,                 2.1922,                 2.5048,                  2.157,               0.001502,               0.001502,               0.001502
                     22,                 1.9147,                 2.1642,                 1.9915,                0.38912,                0.32616,                0.28245,                0.11137,                 2.1808,                 2.5319,                 2.1183,              0.0014937,              0.0014937,              0.0014937
                     23,                 1.8683,                  2.102,                 1.9278,                0.40557,                0.30958,                0.28845,                0.12027,                 2.1168,                 2.3068,                 2.0864,              0.0014855,              0.0014855,              0.0014855
                     24,                  1.867,                 2.0439,                 1.9352,                0.36121,                0.31857,                0.28511,                0.11263,                 2.1252,                 2.3501,                  2.066,              0.0014772,              0.0014772,              0.0014772
                     25,                 1.8747,                 2.1125,                  1.938,                 0.4345,                0.29868,                0.29952,                0.11519,                 2.1928,                   2.45,                 2.1187,               0.001469,               0.001469,               0.001469
                     26,                 1.8797,                 2.0469,                 1.9519,                0.36974,                0.28706,                0.27149,                0.10219,                 2.1419,                 2.4995,                 2.1063,              0.0014607,              0.0014607,              0.0014607
                     27,                 1.8477,                 2.0609,                  1.924,                0.42926,                 0.3134,                0.30108,                0.11475,                 2.1886,                 2.4544,                 2.1565,              0.0014525,              0.0014525,              0.0014525
                     28,                 1.8373,                 2.0322,                 1.9475,                0.44755,                0.32661,                0.32016,                 0.1194,                 2.2045,                 2.3077,                 2.1462,              0.0014442,              0.0014442,              0.0014442
                     29,                 1.8496,                 1.9879,                 1.8976,                0.34826,                0.33969,                0.29146,                0.10918,                  2.238,                 2.5272,                 2.1792,               0.001436,               0.001436,               0.001436
                     30,                 1.8444,                 1.9913,                 1.9158,                0.37646,                0.35714,                 0.3108,                0.12955,                  2.082,                  2.226,                 2.0606,              0.0014277,              0.0014277,              0.0014277
                     31,                 1.8229,                 1.9991,                  1.912,                0.40682,                0.33698,                0.29611,                  0.116,                 2.1763,                 2.3724,                 2.1187,              0.0014195,              0.0014195,              0.0014195
                     32,                 1.8153,                 1.9552,                 1.9025,                0.41047,                0.27207,                0.25665,                0.09292,                 2.2769,                 2.5411,                 2.2727,              0.0014112,              0.0014112,              0.0014112
                     33,                 1.8347,                 1.9619,                 1.8963,                0.46154,                0.29207,                0.30582,                0.12425,                 2.1925,                 2.7535,                 2.1631,              0.0014029,              0.0014029,              0.0014029
                     34,                 1.8099,                 1.9602,                 1.8867,                0.44246,                0.32734,                0.34194,                0.13839,                 2.1258,                 2.2494,                 2.0771,              0.0013947,              0.0013947,              0.0013947
                     35,                 1.8063,                 1.9535,                 1.9104,                0.45131,                0.34899,                 0.3393,                0.14055,                  2.129,                 2.3448,                  2.101,              0.0013864,              0.0013864,              0.0013864
                     36,                 1.8174,                 1.9815,                 1.8975,                0.43781,                0.33738,                0.32028,                0.12168,                 2.1563,                  2.266,                 2.1216,              0.0013782,              0.0013782,              0.0013782
                     37,                 1.7999,                 1.9404,                 1.8968,                0.47823,                0.34916,                0.34643,                0.13192,                 2.1604,                 2.1898,                  2.103,              0.0013699,              0.0013699,              0.0013699
                     38,                 1.7905,                 1.8945,                 1.8337,                0.44803,                0.34481,                0.33248,                0.12686,                 2.1384,                 2.3133,                 2.0952,              0.0013617,              0.0013617,              0.0013617
                     39,                  1.802,                 1.9588,                 1.8941,                0.42344,                0.31735,                0.31187,                0.11641,                 2.1894,                 2.4487,                 2.1355,              0.0013534,              0.0013534,              0.0013534
                     40,                 1.8074,                 1.9325,                 1.8781,                0.42313,                0.31539,                0.32063,                0.13107,                 2.1391,                 2.3651,                 2.1128,              0.0013452,              0.0013452,              0.0013452
                     41,                 1.7722,                 1.9017,                 1.8741,                0.49144,                0.34771,                0.34611,                0.14652,                 2.0188,                 2.2744,                  1.995,              0.0013369,              0.0013369,              0.0013369
                     42,                 1.7769,                 1.8817,                 1.8574,                0.42159,                0.37682,                0.34502,                0.13355,                 2.0917,                 2.2909,                 2.0583,              0.0013287,              0.0013287,              0.0013287
                     43,                 1.7982,                 1.8979,                 1.8474,                0.38712,                0.28939,                0.28965,                0.11878,                 2.1123,                 2.4172,                 2.0855,              0.0013204,              0.0013204,              0.0013204
                     44,                 1.7839,                 1.8519,                 1.8434,                0.47337,                0.35984,                0.35866,                0.15312,                 2.0766,                 2.0995,                 2.0103,              0.0013122,              0.0013122,              0.0013122
                     45,                 1.7621,                 1.8269,                 1.8209,                0.44561,                0.31252,                0.30275,                0.11845,                 2.2228,                 2.3562,                 2.1759,              0.0013039,              0.0013039,              0.0013039
                     46,                 1.7666,                 1.8895,                 1.8614,                 0.4053,                0.35844,                0.32474,                0.13924,                 2.0839,                 2.3044,                 2.0428,              0.0012957,              0.0012957,              0.0012957
                     47,                  1.772,                 1.8631,                 1.8193,                0.50419,                0.33313,                0.35273,                0.15337,                  2.045,                 2.1502,                  1.968,              0.0012874,              0.0012874,              0.0012874
                     48,                 1.7564,                 1.8538,                 1.8358,                0.42365,                0.36372,                0.33633,                 0.1293,                 2.1391,                 2.1882,                 2.0567,              0.0012792,              0.0012792,              0.0012792
                     49,                 1.7386,                 1.7818,                  1.832,                0.41908,                0.34425,                0.33228,                0.13245,                 2.1674,                 2.2244,                 2.0979,              0.0012709,              0.0012709,              0.0012709
                     50,                 1.7635,                 1.8209,                 1.8776,                0.45366,                0.36717,                 0.3444,                0.14408,                 2.0645,                 2.3299,                 2.0287,              0.0012627,              0.0012627,              0.0012627
                     51,                 1.7524,                 1.8043,                 1.8283,                0.40659,                0.34165,                0.30492,                0.11795,                 2.1399,                 2.4132,                 2.1054,              0.0012544,              0.0012544,              0.0012544
                     52,                 1.7324,                 1.8095,                 1.8294,                0.40325,                0.34802,                 0.3094,                0.12416,                 2.0666,                 2.2969,                 2.0375,              0.0012462,              0.0012462,              0.0012462
                     53,                  1.737,                  1.797,                 1.8027,                0.47651,                0.35615,                0.36743,                0.14001,                  2.147,                 2.1641,                 2.0719,              0.0012379,              0.0012379,              0.0012379
                     54,                 1.7035,                 1.7674,                 1.8123,                0.46127,                0.37551,                0.35989,                0.14657,                 2.1136,                 2.1329,                 2.0681,              0.0012297,              0.0012297,              0.0012297
                     55,                 1.7382,                 1.7921,                 1.8106,                0.39725,                 0.3444,                0.31832,                0.12531,                  2.133,                 2.2001,                 2.0852,              0.0012214,              0.0012214,              0.0012214
                     56,                 1.7397,                 1.8113,                 1.8269,                0.40933,                0.37547,                0.32028,                0.12931,                 2.1053,                 2.2565,                 2.0749,              0.0012132,              0.0012132,              0.0012132
                     57,                 1.7208,                 1.7609,                 1.8367,                0.47791,                0.34979,                0.34293,                0.14123,                 2.1085,                 2.1699,                 2.0699,              0.0012049,              0.0012049,              0.0012049
                     58,                 1.6966,                 1.7515,                 1.8249,                0.42916,                 0.3859,                0.35708,                0.14112,                 2.0988,                 2.1756,                 2.0424,              0.0011967,              0.0011967,              0.0011967
                     59,                 1.7147,                 1.7813,                  1.821,                0.46535,                0.38176,                0.35917,                0.14952,                  2.047,                 2.1045,                 2.0136,              0.0011884,              0.0011884,              0.0011884
                     60,                 1.7237,                  1.696,                 1.7928,                0.39796,                0.36739,                0.34242,                0.13793,                 2.1421,                 2.1849,                 2.0607,              0.0011802,              0.0011802,              0.0011802
                     61,                 1.7202,                 1.7632,                 1.8084,                0.45945,                0.37913,                0.36928,                  0.159,                  2.015,                 2.1134,                 1.9722,              0.0011719,              0.0011719,              0.0011719
                     62,                 1.6914,                 1.7308,                 1.7895,                0.48281,                0.39108,                0.39758,                0.15758,                 2.0428,                 2.0817,                 1.9974,              0.0011636,              0.0011636,              0.0011636
                     63,                 1.7038,                 1.7151,                 1.7815,                0.42313,                0.37631,                 0.3518,                0.14472,                 2.0789,                 2.1178,                 2.0077,              0.0011554,              0.0011554,              0.0011554
                     64,                  1.708,                 1.6957,                 1.7828,                0.46569,                0.36438,                0.37305,                 0.1521,                 2.0764,                 2.0415,                 2.0322,              0.0011471,              0.0011471,              0.0011471
                     65,                 1.6859,                 1.6864,                 1.7885,                0.48485,                 0.3606,                0.36654,                0.15143,                 2.0672,                 2.1636,                 2.0204,              0.0011389,              0.0011389,              0.0011389
                     66,                 1.7164,                 1.7286,                  1.821,                0.46323,                0.39583,                0.37003,                0.14749,                  2.051,                 2.1127,                  2.007,              0.0011306,              0.0011306,              0.0011306
                     67,                 1.6863,                 1.6884,                 1.7497,                0.50352,                0.35813,                0.37133,                0.15135,                 2.1047,                 2.0823,                 2.0325,              0.0011224,              0.0011224,              0.0011224
                     68,                 1.7156,                  1.681,                 1.7758,                0.43141,                0.36303,                0.33929,                0.12889,                 2.1702,                 2.1887,                 2.0885,              0.0011141,              0.0011141,              0.0011141
                     69,                 1.6987,                 1.6999,                 1.7915,                0.50464,                0.36311,                0.37546,                0.16086,                 2.0178,                 2.0554,                 1.9709,              0.0011059,              0.0011059,              0.0011059
                     70,                 1.6856,                 1.6679,                 1.7739,                0.51215,                0.35635,                0.37345,                0.15521,                 2.0777,                 2.1316,                 2.0085,              0.0010976,              0.0010976,              0.0010976
                     71,                 1.7075,                 1.6584,                 1.7894,                0.42308,                0.37107,                0.35053,                0.14388,                 2.1018,                 2.1771,                  2.054,              0.0010894,              0.0010894,              0.0010894
                     72,                 1.6586,                 1.6546,                 1.7596,                0.47344,                 0.3611,                0.36174,                0.14692,                 2.0909,                 2.0438,                 2.0172,              0.0010811,              0.0010811,              0.0010811
                     73,                 1.6533,                  1.648,                 1.7734,                0.54085,                 0.3928,                0.41315,                0.18039,                  2.024,                 1.9639,                 1.9692,              0.0010729,              0.0010729,              0.0010729
                     74,                 1.6908,                 1.6454,                 1.7742,                0.45569,                0.38994,                0.37866,                0.16117,                 2.0145,                 2.0541,                 1.9944,              0.0010646,              0.0010646,              0.0010646
                     75,                 1.6801,                 1.6669,                 1.7991,                0.50166,                0.37233,                0.37199,                 0.1512,                 2.1176,                 2.1727,                 2.0509,              0.0010564,              0.0010564,              0.0010564
                     76,                 1.6787,                 1.6383,                 1.7647,                0.45487,                0.37632,                0.36642,                0.16272,                  2.034,                 2.2645,                 1.9955,              0.0010481,              0.0010481,              0.0010481
                     77,                 1.6623,                 1.6272,                 1.7662,                 0.4335,                0.37513,                0.33454,                0.13502,                 2.0885,                 2.3157,                 2.0535,              0.0010399,              0.0010399,              0.0010399
                     78,                  1.649,                 1.6176,                 1.7473,                0.49922,                0.36338,                0.36106,                0.15093,                 2.0562,                 2.2064,                 2.0068,              0.0010316,              0.0010316,              0.0010316
                     79,                 1.6685,                 1.6273,                 1.7592,                0.47539,                0.38236,                0.37784,                0.15928,                 2.0148,                 2.1011,                  1.985,              0.0010234,              0.0010234,              0.0010234
                     80,                  1.657,                 1.6571,                 1.7541,                0.48541,                 0.3905,                0.37954,                0.16439,                 2.0031,                 2.0226,                 1.9708,              0.0010151,              0.0010151,              0.0010151
                     81,                  1.642,                 1.6027,                 1.7401,                0.49031,                0.39773,                 0.3796,                0.15626,                 2.0557,                 2.0514,                 2.0042,              0.0010069,              0.0010069,              0.0010069
                     82,                 1.6397,                 1.6013,                 1.7322,                0.52621,                0.38536,                0.40654,                0.15971,                 2.0428,                 1.9474,                 1.9622,             0.00099862,             0.00099862,             0.00099862
                     83,                 1.6524,                 1.6174,                 1.7532,                0.48226,                0.37673,                0.35445,                0.14062,                 2.2018,                  2.158,                 2.1258,             0.00099036,             0.00099036,             0.00099036
                     84,                 1.6475,                  1.623,                 1.7539,                0.49584,                 0.3866,                 0.3853,                0.15994,                 2.0853,                  2.032,                  2.023,             0.00098211,             0.00098211,             0.00098211
                     85,                  1.639,                 1.5998,                 1.7451,                0.45961,                0.40808,                0.39368,                0.16615,                 2.0688,                 2.0834,                  2.021,             0.00097386,             0.00097386,             0.00097386
                     86,                 1.6215,                  1.572,                 1.7249,                0.48839,                0.40601,                0.40184,                0.16367,                 2.0926,                 2.0029,                 2.0121,             0.00096561,             0.00096561,             0.00096561
                     87,                 1.6519,                 1.5756,                 1.7395,                0.45055,                0.39118,                0.37802,                0.15931,                 2.0443,                 1.9864,                 1.9686,             0.00095736,             0.00095736,             0.00095736
                     88,                 1.6506,                 1.5343,                 1.7306,                0.49112,                0.38858,                0.40129,                0.16261,                  2.068,                 1.9873,                 1.9987,             0.00094911,             0.00094911,             0.00094911
                     89,                 1.6434,                 1.5785,                 1.7422,                0.47724,                0.41946,                0.39441,                0.16012,                 2.1087,                 2.0159,                 2.0631,             0.00094085,             0.00094085,             0.00094085
                     90,                  1.623,                 1.5796,                 1.7423,                0.51164,                0.37956,                0.38848,                0.15883,                 2.0894,                 2.0898,                 2.0235,              0.0009326,              0.0009326,              0.0009326
                     91,                 1.6305,                 1.5345,                 1.7177,                0.50768,                0.38973,                0.39998,                 0.1688,                 2.0345,                  2.001,                 1.9922,             0.00092435,             0.00092435,             0.00092435
                     92,                  1.604,                 1.5404,                 1.7143,                0.49185,                0.40887,                0.40245,                0.17044,                 2.0541,                 1.9615,                 1.9917,              0.0009161,              0.0009161,              0.0009161
                     93,                 1.5936,                 1.4983,                 1.6824,                 0.5118,                0.41288,                0.40796,                0.15957,                 2.0671,                 2.0075,                 1.9838,             0.00090785,             0.00090785,             0.00090785
                     94,                 1.6163,                 1.5104,                 1.7193,                0.44662,                0.41185,                0.38763,                 0.1594,                 2.0772,                 2.0324,                 2.0175,              0.0008996,              0.0008996,              0.0008996
                     95,                 1.5936,                 1.5108,                 1.7023,                0.53116,                 0.3856,                0.40145,                0.16341,                 2.1205,                 2.0305,                 2.0567,             0.00089134,             0.00089134,             0.00089134
                     96,                 1.5894,                 1.4763,                 1.6785,                0.50853,                 0.3837,                0.40379,                 0.1617,                 2.1483,                 1.9794,                 2.0646,             0.00088309,             0.00088309,             0.00088309
                     97,                 1.5868,                 1.4825,                 1.7092,                0.58035,                0.38619,                0.41125,                0.16443,                 2.1176,                  1.963,                 2.0447,             0.00087484,             0.00087484,             0.00087484
                     98,                 1.6216,                 1.5194,                 1.7128,                0.51505,                0.36015,                 0.3743,                0.15532,                 2.0978,                 2.1422,                 2.0391,             0.00086659,             0.00086659,             0.00086659
                     99,                 1.6035,                  1.491,                 1.6954,                0.44526,                0.43669,                0.40502,                0.16591,                 2.0629,                 1.9531,                 2.0086,             0.00085834,             0.00085834,             0.00085834
                    100,                  1.582,                  1.478,                 1.6758,                0.51176,                 0.4123,                0.40778,                0.16666,                 2.1062,                 2.0022,                 2.0353,             0.00085009,             0.00085009,             0.00085009
                    101,                  1.572,                 1.4689,                 1.6733,                0.54066,                0.40835,                 0.3954,                 0.1626,                 2.0684,                 1.9949,                 2.0163,             0.00084184,             0.00084184,             0.00084184
                    102,                 1.5962,                 1.4862,                    1.7,                0.53714,                0.38815,                0.40493,                0.16874,                 2.0817,                 2.0272,                 2.0051,             0.00083358,             0.00083358,             0.00083358
                    103,                  1.583,                 1.4711,                 1.6829,                0.49448,                0.41503,                0.41094,                 0.1771,                  2.033,                 1.9332,                 1.9822,             0.00082533,             0.00082533,             0.00082533
                    104,                 1.5813,                 1.4276,                 1.6896,                0.53977,                0.39845,                0.41044,                0.16777,                 2.0792,                 1.9321,                 2.0175,             0.00081708,             0.00081708,             0.00081708
                    105,                 1.5692,                 1.4342,                  1.672,                0.46035,                0.39694,                0.37371,                0.14929,                 2.1129,                 1.9939,                 2.0473,             0.00080883,             0.00080883,             0.00080883
                    106,                 1.5715,                 1.4174,                 1.6719,                0.51439,                0.40607,                0.40353,                0.17158,                 2.0343,                 1.9289,                 1.9778,             0.00080058,             0.00080058,             0.00080058
                    107,                 1.5845,                 1.4414,                  1.708,                0.53697,                0.43502,                0.43496,                0.17888,                 2.0671,                 1.8669,                 1.9976,             0.00079233,             0.00079233,             0.00079233
                    108,                 1.5604,                 1.3885,                  1.662,                0.53376,                0.38506,                0.40218,                0.16427,                 2.1338,                 2.0081,                 2.0585,             0.00078407,             0.00078407,             0.00078407
                    109,                 1.5698,                 1.4276,                 1.6739,                0.50661,                0.42656,                0.40899,                0.16778,                 2.0949,                 1.9436,                 2.0301,             0.00077582,             0.00077582,             0.00077582
                    110,                 1.5774,                 1.4413,                  1.692,                0.49195,                0.41018,                0.41359,                0.17278,                 2.0895,                 1.9297,                 2.0289,             0.00076757,             0.00076757,             0.00076757
                    111,                 1.5601,                 1.4224,                 1.6675,                 0.5467,                0.40152,                0.41752,                0.17385,                   2.05,                 2.0487,                 2.0036,             0.00075932,             0.00075932,             0.00075932
                    112,                 1.5627,                 1.4142,                 1.6634,                0.46879,                0.40425,                0.38499,                0.15387,                 2.1167,                 1.9869,                 2.0467,             0.00075107,             0.00075107,             0.00075107
                    113,                 1.5357,                  1.406,                 1.6457,                0.55032,                0.38059,                0.40572,                0.16452,                 2.0715,                 1.9676,                 2.0179,             0.00074282,             0.00074282,             0.00074282
                    114,                 1.5456,                 1.4171,                 1.6534,                0.54724,                0.41138,                0.42433,                0.17588,                 2.0464,                 1.9129,                 1.9744,             0.00073456,             0.00073456,             0.00073456
                    115,                 1.5429,                 1.3769,                 1.6473,                0.48022,                0.42673,                0.40892,                0.17362,                 2.0073,                 1.9418,                 1.9342,             0.00072631,             0.00072631,             0.00072631
                    116,                 1.5485,                 1.3783,                 1.6621,                0.51822,                0.41677,                 0.4083,                 0.1691,                 2.0453,                 1.9335,                 1.9943,             0.00071806,             0.00071806,             0.00071806
                    117,                 1.5315,                 1.3772,                 1.6345,                0.52448,                0.40208,                0.42226,                0.17053,                 2.1035,                  1.924,                 2.0322,             0.00070981,             0.00070981,             0.00070981
                    118,                 1.5503,                 1.3703,                  1.641,                0.59763,                0.40628,                0.45091,                0.18999,                 2.0597,                 1.8642,                  1.987,             0.00070156,             0.00070156,             0.00070156
                    119,                 1.5488,                 1.3894,                 1.6564,                0.55045,                0.40376,                0.42779,                0.16969,                 2.0728,                 1.9219,                  2.013,             0.00069331,             0.00069331,             0.00069331
                    120,                 1.5155,                 1.3456,                  1.643,                0.55536,                0.39872,                0.42226,                0.16809,                 2.1399,                 1.9295,                 2.0396,             0.00068505,             0.00068505,             0.00068505
                    121,                 1.5165,                 1.3516,                 1.6512,                0.51345,                0.44641,                0.42861,                0.18693,                 2.0564,                 1.8859,                 1.9886,              0.0006768,              0.0006768,              0.0006768
                    122,                 1.5356,                 1.3711,                 1.6459,                0.49354,                0.43404,                0.40853,                0.16936,                 2.0808,                  1.935,                 2.0104,             0.00066855,             0.00066855,             0.00066855
                    123,                 1.5143,                 1.3658,                  1.612,                0.55908,                0.39829,                0.42553,                0.17247,                  2.087,                  1.891,                 2.0085,              0.0006603,              0.0006603,              0.0006603
                    124,                  1.524,                 1.3563,                 1.6438,                0.46546,                0.43452,                 0.4064,                0.16253,                 2.1119,                 1.9166,                 2.0231,             0.00065205,             0.00065205,             0.00065205
                    125,                 1.5386,                 1.3742,                 1.6434,                0.49073,                0.40741,                0.39935,                0.16247,                 2.0991,                 1.9297,                 2.0289,              0.0006438,              0.0006438,              0.0006438
                    126,                 1.5346,                 1.3872,                 1.6555,                0.52102,                0.39846,                0.40079,                0.16446,                 2.0903,                  1.942,                   2.03,             0.00063554,             0.00063554,             0.00063554
                    127,                  1.523,                 1.3507,                 1.6351,                0.53193,                0.39785,                  0.405,                0.15669,                 2.1552,                 1.9334,                 2.0622,             0.00062729,             0.00062729,             0.00062729
                    128,                 1.4966,                 1.3055,                 1.6169,                0.50539,                0.40378,                0.41362,                 0.1667,                 2.1292,                  1.916,                 2.0444,             0.00061904,             0.00061904,             0.00061904
                    129,                 1.5163,                 1.3031,                 1.6448,                0.52716,                0.39348,                0.41056,                0.16279,                 2.1529,                 1.9946,                 2.0664,             0.00061079,             0.00061079,             0.00061079
                    130,                 1.4858,                 1.2871,                 1.6067,                0.51502,                0.39307,                0.40593,                0.17218,                 2.0967,                 1.8921,                 2.0329,             0.00060254,             0.00060254,             0.00060254
                    131,                 1.5093,                 1.3024,                 1.6409,                0.52423,                0.39352,                0.39125,                0.15943,                  2.109,                 1.9703,                  2.034,             0.00059429,             0.00059429,             0.00059429
                    132,                  1.503,                 1.2973,                 1.6201,                0.48284,                0.42559,                0.40594,                0.17471,                 2.0706,                 1.8805,                 2.0031,             0.00058603,             0.00058603,             0.00058603
                    133,                 1.4943,                 1.2752,                 1.5968,                0.49514,                0.40325,                0.39105,                0.16192,                 2.1171,                 1.9536,                 2.0473,             0.00057778,             0.00057778,             0.00057778
                    134,                 1.5019,                 1.2976,                  1.625,                0.58407,                0.39959,                0.41693,                0.16888,                  2.109,                 1.9341,                 2.0215,             0.00056953,             0.00056953,             0.00056953
                    135,                 1.4987,                  1.308,                 1.6218,                0.50692,                0.41903,                0.41064,                 0.1794,                 2.0752,                 1.9155,                 2.0095,             0.00056128,             0.00056128,             0.00056128
                    136,                 1.5101,                 1.2838,                 1.6177,                0.46941,                0.42021,                0.38972,                 0.1543,                 2.1732,                   1.99,                 2.0766,             0.00055303,             0.00055303,             0.00055303
                    137,                 1.5038,                 1.2907,                 1.6093,                0.49698,                0.41223,                0.40539,                0.16571,                 2.1418,                 1.9615,                 2.0728,             0.00054478,             0.00054478,             0.00054478
                    138,                 1.4755,                 1.2533,                 1.6168,                0.48923,                0.40243,                0.38706,                0.15867,                 2.1679,                 1.9825,                 2.0862,             0.00053652,             0.00053652,             0.00053652
                    139,                 1.5067,                 1.2715,                 1.6153,                0.51155,                0.39434,                0.40663,                0.17142,                 2.0939,                 1.9396,                 2.0293,             0.00052827,             0.00052827,             0.00052827
                    140,                 1.4769,                  1.305,                 1.6081,                0.53333,                0.38884,                0.40618,                 0.1724,                 2.0699,                 2.0009,                 2.0258,             0.00052002,             0.00052002,             0.00052002
                    141,                 1.4839,                 1.2287,                  1.608,                0.55707,                0.38534,                0.41303,                0.17584,                 2.0646,                 1.9175,                 2.0333,             0.00051177,             0.00051177,             0.00051177
                    142,                 1.4755,                  1.251,                 1.6031,                0.49205,                0.42334,                0.41978,                 0.1722,                 2.0689,                 1.8657,                 2.0011,             0.00050352,             0.00050352,             0.00050352
                    143,                   1.45,                 1.2324,                 1.5913,                0.52823,                0.39468,                 0.3986,                0.16853,                 2.1313,                  1.951,                 2.0673,             0.00049527,             0.00049527,             0.00049527
                    144,                 1.4794,                 1.2236,                 1.6104,                0.50386,                0.42126,                0.41621,                0.16972,                 2.1338,                 1.8902,                 2.0352,             0.00048701,             0.00048701,             0.00048701
                    145,                 1.4446,                 1.1836,                  1.557,                0.53905,                0.40958,                0.41624,                0.16918,                 2.1188,                  1.871,                 2.0372,             0.00047876,             0.00047876,             0.00047876
                    146,                 1.4517,                 1.2291,                 1.5796,                0.50042,                0.38831,                0.39699,                 0.1614,                 2.1764,                 1.9282,                 2.0849,             0.00047051,             0.00047051,             0.00047051
                    147,                 1.4506,                 1.2388,                 1.5751,                0.52639,                0.40222,                 0.4088,                  0.169,                 2.1399,                 1.9324,                 2.0581,             0.00046226,             0.00046226,             0.00046226
                    148,                 1.4405,                  1.202,                 1.5705,                0.50164,                0.42453,                 0.4135,                0.17261,                 2.0974,                  1.914,                 2.0389,             0.00045401,             0.00045401,             0.00045401
                    149,                 1.4524,                 1.1994,                 1.5704,                0.55217,                0.41389,                0.43185,                0.18268,                 2.0897,                 1.8467,                 2.0369,             0.00044576,             0.00044576,             0.00044576
                    150,                  1.441,                 1.1739,                 1.5773,                0.53225,                0.40709,                0.42037,                 0.1756,                 2.1321,                 1.8832,                 2.0574,              0.0004375,              0.0004375,              0.0004375
                    151,                 1.4273,                 1.1768,                 1.5604,                 0.5655,                0.39943,                0.42934,                0.17831,                 2.1089,                 1.8651,                 2.0459,             0.00042925,             0.00042925,             0.00042925
                    152,                 1.4472,                 1.1882,                 1.5852,                0.55671,                0.39722,                0.42488,                0.17659,                 2.0915,                 1.8698,                  2.034,               0.000421,               0.000421,               0.000421
                    153,                 1.4598,                 1.2022,                 1.5913,                0.51923,                0.42918,                0.42643,                0.18276,                 2.1047,                 1.8632,                  2.029,             0.00041275,             0.00041275,             0.00041275
                    154,                 1.4248,                 1.1559,                 1.5599,                0.55272,                 0.3823,                0.40067,                0.17237,                 2.1429,                 1.8843,                 2.0661,              0.0004045,              0.0004045,              0.0004045
                    155,                 1.4263,                  1.169,                 1.5658,                0.51989,                0.41278,                 0.4036,                0.16812,                 2.1046,                 1.9209,                 2.0314,             0.00039625,             0.00039625,             0.00039625
                    156,                  1.417,                 1.1404,                 1.5663,                0.55937,                0.40769,                0.42427,                0.17191,                 2.1497,                 1.8988,                 2.0705,             0.00038799,             0.00038799,             0.00038799
                    157,                 1.4443,                 1.1589,                  1.558,                 0.4795,                0.44408,                0.42431,                0.18369,                  2.088,                 1.8481,                 2.0224,             0.00037974,             0.00037974,             0.00037974
                    158,                 1.4491,                 1.1728,                  1.567,                0.53069,                0.41141,                0.42689,                0.18259,                 2.0757,                 1.8618,                  1.999,             0.00037149,             0.00037149,             0.00037149
                    159,                 1.3918,                 1.1389,                 1.5297,                0.53545,                0.39667,                0.41881,                0.17471,                 2.1165,                  1.881,                 2.0413,             0.00036324,             0.00036324,             0.00036324
                    160,                 1.4204,                 1.1305,                 1.5365,                 0.5281,                0.41615,                0.42406,                 0.1746,                  2.116,                 1.8472,                 2.0419,             0.00035499,             0.00035499,             0.00035499
                    161,                 1.4235,                 1.1857,                 1.5613,                0.54653,                0.40027,                0.41278,                 0.1731,                 2.1035,                 1.8868,                 2.0445,             0.00034674,             0.00034674,             0.00034674
                    162,                 1.4229,                 1.1384,                  1.549,                0.54165,                0.38983,                0.40909,                0.17196,                 2.1184,                 1.8694,                 2.0536,             0.00033848,             0.00033848,             0.00033848
                    163,                  1.411,                 1.1184,                 1.5393,                 0.5557,                0.39272,                0.41537,                0.18094,                 2.1047,                 1.8829,                  2.048,             0.00033023,             0.00033023,             0.00033023
                    164,                 1.4147,                 1.1515,                 1.5336,                0.52828,                0.40414,                0.41308,                0.17301,                 2.1481,                 1.8954,                 2.0756,             0.00032198,             0.00032198,             0.00032198
                    165,                 1.3832,                  1.105,                 1.5233,                 0.5482,                0.39203,                0.41658,                0.17981,                 2.0959,                 1.9085,                 2.0336,             0.00031373,             0.00031373,             0.00031373
                    166,                 1.3897,                 1.1019,                   1.53,                0.56628,                0.37307,                0.41019,                0.17657,                 2.0947,                 1.9302,                 2.0425,             0.00030548,             0.00030548,             0.00030548
                    167,                 1.3995,                 1.1185,                 1.5374,                0.54945,                0.39097,                0.40636,                0.16905,                 2.1297,                 1.8806,                 2.0637,             0.00029723,             0.00029723,             0.00029723
                    168,                 1.3747,                 1.0869,                 1.5177,                0.48291,                0.41246,                0.39158,                0.16375,                 2.1144,                 1.9053,                 2.0578,             0.00028897,             0.00028897,             0.00028897
                    169,                  1.377,                 1.0856,                 1.5135,                0.51852,                0.39696,                0.40434,                0.16802,                 2.1374,                 1.8918,                 2.0741,             0.00028072,             0.00028072,             0.00028072
                    170,                 1.3908,                 1.0977,                 1.5295,                0.51399,                0.40556,                 0.4105,                0.17409,                 2.1186,                 1.9101,                 2.0744,             0.00027247,             0.00027247,             0.00027247
                    171,                 1.3843,                 1.0736,                 1.5039,                 0.5146,                0.41503,                0.41393,                0.17558,                 2.1156,                 1.9001,                 2.0568,             0.00026422,             0.00026422,             0.00026422
                    172,                 1.3716,                 1.0823,                 1.5093,                0.50419,                0.42253,                0.40088,                0.16624,                 2.1292,                 1.9278,                 2.0663,             0.00025597,             0.00025597,             0.00025597
                    173,                 1.3869,                 1.0852,                 1.5295,                0.48936,                0.41679,                0.41187,                0.17134,                 2.1246,                 1.8856,                 2.0713,             0.00024772,             0.00024772,             0.00024772
                    174,                 1.3929,                 1.0938,                 1.5404,                0.48326,                0.42747,                0.40335,                0.16605,                 2.1456,                 1.9194,                 2.0938,             0.00023946,             0.00023946,             0.00023946
                    175,                 1.3708,                 1.0662,                 1.5134,                0.50743,                0.40246,                0.40447,                0.16929,                 2.1138,                  1.892,                 2.0576,             0.00023121,             0.00023121,             0.00023121
                    176,                 1.3578,                 1.0418,                 1.5093,                0.49567,                0.42195,                0.40321,                0.16381,                 2.1473,                 1.9046,                 2.0777,             0.00022296,             0.00022296,             0.00022296
                    177,                 1.3801,                 1.0681,                 1.5098,                 0.5206,                  0.416,                0.41989,                0.17289,                 2.1247,                 1.8788,                 2.0637,             0.00021471,             0.00021471,             0.00021471
                    178,                 1.3675,                 1.0634,                 1.4913,                0.51766,                0.42221,                0.41485,                0.16775,                  2.158,                  1.873,                 2.0842,             0.00020646,             0.00020646,             0.00020646
                    179,                 1.3643,                 1.0604,                 1.5023,                0.53949,                0.41545,                0.41834,                0.17538,                 2.1038,                 1.8584,                 2.0437,             0.00019821,             0.00019821,             0.00019821
                    180,                 1.3806,                 1.0519,                 1.4934,                0.54359,                0.40294,                0.41041,                0.16579,                 2.1588,                 1.8554,                  2.101,             0.00018995,             0.00018995,             0.00018995
                    181,                 1.3314,                 1.0312,                 1.4779,                0.54457,                0.40985,                0.40919,                0.17561,                 2.1078,                  1.908,                 2.0644,              0.0001817,              0.0001817,              0.0001817
                    182,                 1.3433,                 1.0141,                 1.4976,                0.53088,                0.40067,                0.40638,                0.17018,                 2.1535,                 1.9225,                 2.0852,             0.00017345,             0.00017345,             0.00017345
                    183,                 1.3442,                  1.004,                 1.4971,                0.52642,                 0.4102,                 0.4086,                0.17238,                 2.1138,                 1.8967,                 2.0537,              0.0001652,              0.0001652,              0.0001652
                    184,                 1.3322,                 1.0168,                 1.4825,                0.55439,                0.41074,                0.41729,                0.17689,                 2.1136,                 1.8752,                 2.0576,             0.00015695,             0.00015695,             0.00015695
                    185,                 1.3601,                 1.0134,                 1.4948,                0.53632,                0.42624,                0.41964,                0.17213,                   2.13,                  1.911,                 2.0693,              0.0001487,              0.0001487,              0.0001487
                    186,                 1.3463,                0.99488,                 1.4967,                0.53718,                0.40104,                0.41009,                0.16672,                  2.163,                 1.8898,                 2.0917,             0.00014044,             0.00014044,             0.00014044
                    187,                 1.3203,                0.98532,                 1.4757,                0.53994,                0.42653,                0.42051,                0.17341,                 2.1128,                 1.8694,                  2.051,             0.00013219,             0.00013219,             0.00013219
                    188,                 1.3233,                0.97438,                 1.4822,                 0.5196,                0.42547,                  0.426,                 0.1765,                 2.1288,                 1.8657,                  2.061,             0.00012394,             0.00012394,             0.00012394
                    189,                 1.3267,                 0.9732,                 1.4834,                0.52427,                0.42105,                0.42967,                0.17849,                 2.1511,                 1.8565,                 2.0838,             0.00011569,             0.00011569,             0.00011569
                    190,                 1.2887,                0.92243,                 1.4527,                0.56752,                0.40184,                0.43165,                0.17924,                 2.1336,                   1.85,                 2.0827,             0.00010744,             0.00010744,             0.00010744
                    191,                 1.3148,                0.96801,                 1.4883,                0.52532,                0.42337,                0.42208,                0.17166,                  2.153,                 1.8979,                 2.1009,             9.9187e-05,             9.9187e-05,             9.9187e-05
                    192,                 1.3024,                0.96508,                 1.4732,                0.52022,                0.42752,                0.42362,                0.17344,                 2.1417,                 1.8814,                 2.0866,             9.0935e-05,             9.0935e-05,             9.0935e-05
                    193,                 1.3047,                0.98327,                 1.4781,                0.54009,                0.40504,                0.42199,                0.17938,                 2.1332,                 1.8674,                 2.0761,             8.2683e-05,             8.2683e-05,             8.2683e-05
                    194,                 1.3171,                0.95434,                  1.481,                0.55307,                0.40107,                 0.4233,                0.17635,                 2.1466,                 1.8689,                 2.0833,             7.4432e-05,             7.4432e-05,             7.4432e-05
                    195,                 1.2968,                0.94194,                 1.4611,                 0.5225,                0.43294,                0.43467,                0.18079,                 2.1229,                 1.8544,                 2.0615,              6.618e-05,              6.618e-05,              6.618e-05
                    196,                 1.2967,                0.93873,                 1.4597,                0.54134,                0.42592,                0.43044,                0.18175,                 2.1103,                 1.8662,                 2.0551,             5.7928e-05,             5.7928e-05,             5.7928e-05
                    197,                 1.2828,                0.93011,                 1.4629,                0.54711,                0.42044,                0.43304,                0.17917,                 2.1365,                 1.8783,                 2.0735,             4.9677e-05,             4.9677e-05,             4.9677e-05
                    198,                  1.292,                0.93648,                  1.458,                0.52995,                0.43423,                0.42714,                0.17388,                 2.1574,                 1.8875,                 2.0949,             4.1425e-05,             4.1425e-05,             4.1425e-05
                    199,                 1.2939,                0.93883,                 1.4735,                0.53497,                0.42545,                0.42033,                0.17277,                   2.16,                 1.8988,                 2.1042,             3.3173e-05,             3.3173e-05,             3.3173e-05
                    200,                 1.2683,                 0.9112,                 1.4536,                0.54813,                0.41297,                0.42485,                0.17249,                 2.1625,                 1.8821,                 2.1051,             2.4922e-05,             2.4922e-05,             2.4922e-05
